id_estudiante,nombre,nivel_socioeconomico,promedio_semestre,horas_sueno_promedio,apoyo_economico,horas_trabajo_semanales,horas_estudio_semanales,porcentaje_asistencia
1,Bruno Suárez,1,7.38,7.8,Propio,28,7,70.4
2,Ana Zambrano,2,7.01,6.6,Padres,8,12,81.1
3,Gabriela Ortega,5,8.65,8.3,Propio,10,9,83.3
4,Bruno Paredes,3,6.25,5.7,Padres,0,8,80.0
5,Sebastián Rivera,3,7.64,7.6,Padres,0,7,100.0
6,María Bautista,4,6.62,7.8,Padres,0,4,74.5
7,Tomás Salazar,3,7.37,6.3,Padres,10,12,86.5
8,Benjamín Rodríguez,5,7.04,6.1,Padres,19,8,82.4
9,Santiago García,2,7.61,7.6,Padres,11,3,81.7
10,Benjamín Quintero,1,8.32,7.7,Padres,0,14,82.9
11,Joaquín Palacios,4,8.83,7.0,Beca,14,11,85.1
12,Valentina Ortega,3,6.66,6.5,Propio,20,6,84.9
13,Samuel Gómez,3,8.81,7.3,Beca,0,15,88.1
14,Santiago Quintero,4,8.27,7.4,Beca,4,15,100.0
15,Matías Ruiz,4,6.72,7.4,Propio,39,2,83.3
16,Lucas Vera,2,7.26,7.8,Padres,0,18,82.2
17,Diego Mendoza,2,8.27,7.3,Padres,0,11,86.0
18,Ana Ibarra,4,9.67,7.6,Padres,0,26,92.5
19,Cristóbal Rodríguez,2,10.0,7.7,Padres,0,21,94.0
20,Adrián Pérez,4,9.26,6.8,Beca,0,18,92.6
21,Mateo Torres,4,8.27,8.3,Padres,0,17,80.6
22,Bruno Moreira,6,8.4,7.2,Padres,4,6,82.6
23,Isabella Muñoz,4,7.52,6.0,Propio,13,20,76.1
24,Carla Figueroa,4,9.6,7.1,Beca,0,29,95.2
25,Daniela Navarrete,2,7.97,6.5,Padres,0,13,86.4
26,Valentina Guerrero,5,7.87,8.9,Padres,18,2,90.2
27,Diego Ibarra,4,7.5,8.2,Padres,0,11,87.8
28,Sara Quintero,3,8.91,8.4,Beca,0,19,95.9
29,Gabriela Ibarra,3,6.67,6.7,Padres,0,6,100.0
30,Nicolás Castro,5,9.34,7.0,Propio,17,13,84.4
31,Diana Peña,2,7.05,7.3,Padres,2,14,79.6
32,Óscar Salazar,1,9.0,9.1,Padres,0,16,89.2
33,Isabella García,4,7.62,8.4,Padres,8,12,82.0
34,Victoria Vera,1,7.51,7.2,Padres,0,5,94.5
35,Isabella Suárez,3,9.63,7.3,Beca,4,19,95.6
36,Noelia Navarrete,1,7.5,6.7,Beca,1,7,80.8
37,Cristóbal Aguilar,3,7.48,6.5,Propio,18,2,74.1
38,Lucía Peña,4,9.34,7.8,Padres,0,17,90.3
39,Carla Cabrera,3,6.82,5.5,Padres,14,9,79.2
40,Héctor Vargas,2,7.96,8.4,Beca,0,7,73.8
41,Gabriela Castro,5,7.94,6.6,Padres,6,15,87.7
42,Sebastián Salazar,4,8.55,8.8,Padres,4,8,88.9
43,Mateo Mendoza,4,7.15,6.8,Padres,0,9,78.1
44,Kevin Moreira,3,7.31,6.3,Propio,14,20,79.0
45,Fernando Bautista,2,6.96,6.6,Padres,0,9,85.6
46,Emilio Muñoz,5,8.5,7.8,Beca,0,8,88.0
47,Kevin Reyes,1,8.21,5.7,Padres,12,14,87.5
48,Gabriel Vargas,1,8.95,7.5,Beca,0,14,88.9
49,Kevin Ramírez,4,8.61,6.7,Padres,3,21,82.4
50,Matías Pérez,3,9.28,9.2,Padres,0,16,88.6
51,Daniela Bautista,5,10.0,7.8,Padres,0,24,82.8
52,Sofía Quintero,3,7.4,6.2,Padres,3,10,78.5
53,Gabriela Bautista,2,7.36,6.8,Padres,6,3,81.9
54,María Cedeño,3,10.0,8.6,Propio,19,25,84.9
55,Gabriela Serrano,1,8.46,7.4,Padres,0,17,92.4
56,Nicolás Cruz,3,9.04,8.0,Padres,0,15,100.0
57,Mía Vera,1,8.18,9.3,Padres,5,4,83.9
58,Bruno Reyes,5,8.69,6.9,Padres,19,13,97.4
59,Diego Pérez,2,6.9,8.4,Padres,11,4,89.0
60,Daniela Sánchez,1,8.73,9.7,Padres,10,3,77.2
61,Paula Aguilar,3,7.75,6.1,Propio,17,14,94.0
62,Samuel Montoya,5,7.06,5.6,Propio,27,9,90.0
63,Sebastián Bautista,1,9.28,6.8,Padres,0,20,85.4
64,Adrián Serrano,3,7.66,6.8,Padres,20,17,83.0
65,Cristóbal Salazar,6,8.07,9.3,Propio,18,9,84.4
66,Santiago Vallejo,3,8.66,7.3,Padres,0,14,86.3
67,Nicolás Ramírez,2,9.56,7.9,Beca,0,17,82.8
68,Nicolás Acosta,3,8.55,7.5,Padres,0,16,79.7
69,Fernando Castro,5,7.96,5.8,Padres,0,18,72.7
70,Camila Ramírez,3,7.09,7.4,Beca,0,14,78.7
71,Mía Navarrete,5,6.93,4.8,Beca,7,14,99.7
72,Carla Carrillo,5,10.0,6.4,Beca,0,32,94.2
73,Lucas Torres,2,8.7,9.3,Padres,0,23,75.8
74,Ana Vargas,3,8.4,7.1,Padres,9,18,72.9
75,Emilio Vera,4,8.05,6.9,Padres,0,13,67.8
76,Andrea Molina,6,9.87,7.0,Padres,8,24,92.5
77,Bruno Ruiz,4,9.64,6.6,Propio,10,27,92.0
78,Leonardo Martínez,2,9.14,7.4,Padres,3,25,86.3
79,Joaquín Acosta,3,7.28,8.1,Propio,30,9,72.5
80,Sebastián Carrillo,1,9.11,9.3,Propio,10,23,93.0
81,Kevin Vargas,3,7.46,6.9,Propio,40,4,87.3
82,Alexis Suárez,2,8.52,6.9,Beca,9,20,94.3
83,Tomás Díaz,2,8.34,7.9,Padres,11,16,91.1
84,Leonardo Pérez,2,7.65,5.7,Propio,27,13,83.8
85,Santiago Chávez,5,9.62,8.0,Padres,0,24,100.0
86,Valentina Vera,4,6.34,4.5,Propio,26,14,98.1
87,Kevin González,3,7.08,7.9,Padres,0,20,67.3
88,Diego Chávez,2,8.62,6.1,Beca,13,23,83.9
89,Cristóbal Quintero,3,9.7,7.6,Padres,7,20,98.7
90,Milena Ramos,2,8.63,6.6,Padres,12,11,85.6
91,María Chávez,3,8.67,4.6,Padres,5,15,91.4
92,Matías Carrillo,1,7.36,10.0,Beca,0,11,90.5
93,Samuel Ramírez,5,10.0,9.3,Padres,5,21,93.7
94,Lucas Díaz,3,6.84,6.4,Beca,0,10,75.6
95,Luis Rodríguez,4,8.69,7.3,Beca,0,22,97.9
96,Bruno González,4,8.83,7.3,Beca,0,12,84.2
97,Gabriela Vallejo,2,7.45,7.6,Beca,2,14,85.9
98,Daniela Acosta,1,8.43,7.7,Beca,0,10,78.1
99,Samuel Vera,3,7.35,7.8,Padres,0,10,81.0
100,Cristóbal Bautista,4,8.71,6.8,Propio,25,16,85.5
101,Ana Molina,4,8.58,7.1,Padres,0,19,82.5
102,Leonardo Bautista,5,7.48,5.8,Padres,6,15,88.2
103,Luis Ruiz,3,8.38,6.4,Padres,0,19,80.8
104,Miguel Gómez,4,9.33,5.3,Padres,8,27,88.9
105,Bruno García,4,7.76,6.1,Padres,4,8,73.1
106,Camila Ruiz,1,6.23,6.6,Padres,0,12,69.0
107,Adrián Ruiz,5,10.0,7.4,Beca,0,26,100.0
108,Diana Ruiz,3,8.92,9.8,Beca,0,11,100.0
109,Valentina García,2,7.69,7.4,Padres,0,12,81.5
110,Diego Vergara,5,9.42,7.2,Propio,17,16,93.6
111,Adrián Molina,2,8.56,6.3,Beca,0,7,84.0
112,Samuel Ramírez,4,8.31,5.0,Padres,8,18,87.1
113,Ariana García,4,8.94,7.8,Padres,0,19,86.1
114,Cristóbal Navarrete,5,8.58,7.4,Beca,0,12,83.3
115,Leonardo González,5,9.81,8.6,Beca,0,20,96.7
116,Leonardo Martínez,2,7.71,6.5,Propio,29,15,83.4
117,María Cedeño,5,8.91,6.4,Beca,3,23,100.0
118,Felipe Bautista,2,8.08,6.0,Beca,8,17,88.8
119,Mía Aguilar,5,7.82,9.0,Padres,7,5,86.7
120,Victoria Bravo,5,8.61,7.8,Padres,0,24,78.4
121,María Montoya,4,8.92,7.4,Padres,0,13,91.0
122,Elena Cruz,2,8.42,8.6,Padres,0,17,87.0
123,Daniela González,6,7.83,7.0,Beca,0,17,68.4
124,Elena Suárez,3,6.84,6.4,Propio,26,7,93.3
125,Camila Guerrero,3,8.57,10.0,Beca,9,8,87.3
126,Tomás Paredes,6,9.35,6.6,Padres,0,21,99.6
127,Emilio Rodríguez,2,8.54,6.9,Beca,0,16,98.7
128,Ariana Guerrero,4,9.03,7.7,Padres,0,17,87.1
129,Leonardo Pérez,3,6.21,5.9,Propio,23,9,88.4
130,Luis Cruz,3,7.59,6.8,Padres,0,16,89.0
131,Gael Carrillo,1,7.09,5.9,Propio,10,9,71.8
132,Noelia Salazar,3,7.41,7.0,Beca,14,11,86.5
133,Sofía Rivera,4,8.66,6.1,Propio,29,15,86.4
134,Diego Muñoz,1,9.72,8.6,Padres,12,18,96.8
135,Óscar Vergara,2,6.49,7.2,Padres,8,11,81.7
136,Thiago Ramos,2,7.45,6.5,Propio,21,12,84.5
137,Álvaro Serrano,3,7.31,6.7,Padres,0,22,98.9
138,Sara Mendoza,1,8.16,8.5,Padres,0,22,95.2
139,Emilio Montoya,4,8.44,4.3,Beca,11,16,99.4
140,Miguel García,2,9.17,8.6,Propio,10,12,95.8
141,Sofía Montoya,1,7.91,7.9,Padres,0,4,84.3
142,Paula López,3,8.23,7.8,Padres,9,13,84.6
143,Adrián Molina,3,6.74,5.3,Padres,0,11,90.5
144,Daniela Reyes,5,6.9,4.8,Padres,6,15,71.1
145,Nicolás Paredes,1,8.53,7.9,Padres,0,17,73.3
146,Héctor Mendoza,2,7.26,6.4,Propio,22,5,92.4
147,Camila Guerrero,4,9.02,8.1,Beca,6,18,88.2
148,Benjamín Cruz,2,8.3,6.7,Padres,0,21,92.9
149,Benjamín Rivera,3,8.54,7.7,Padres,5,13,95.6
150,Miguel Sánchez,3,8.51,9.8,Padres,0,18,86.9
151,Tomás Palacios,4,8.83,7.1,Padres,0,15,85.3
152,Gael Guerrero,4,9.89,7.9,Padres,0,22,86.9
153,Nicolás Montoya,4,7.61,6.4,Propio,12,7,85.8
154,Matías Serrano,3,7.66,6.1,Padres,0,13,93.8
155,Matías Suárez,3,8.78,7.7,Beca,0,18,89.3
156,Noelia Barrera,5,9.38,7.3,Padres,0,20,92.9
157,Noelia García,4,9.15,7.8,Beca,15,18,97.8
158,Nicolás Mendoza,6,7.59,6.6,Propio,18,7,78.4
159,Luis Peña,4,8.85,6.9,Beca,2,18,88.7
160,Samuel Martínez,5,8.83,7.8,Padres,0,11,98.5
161,Samuel Castro,4,7.41,6.4,Beca,0,12,87.0
162,Mateo Montoya,2,8.75,6.9,Padres,2,15,87.5
163,Milena Sánchez,3,7.55,6.7,Propio,22,3,92.2
164,Sara Rodríguez,2,7.32,7.9,Propio,28,5,93.8
165,Diana Cruz,2,7.7,9.3,Padres,0,14,80.1
166,Héctor Gómez,3,9.19,8.4,Padres,0,22,84.3
167,Santiago Bravo,4,9.21,8.4,Padres,0,15,81.7
168,Javier Ramos,3,8.28,7.7,Padres,0,17,82.1
169,Felipe Palacios,2,6.57,6.5,Padres,0,4,95.3
170,Kevin Sánchez,3,8.41,7.5,Beca,2,21,96.5
171,Lucas Vallejo,4,9.27,5.8,Beca,0,32,92.2
172,Iván Ortega,3,8.35,7.1,Padres,0,12,80.8
173,Joaquín Cruz,6,8.12,5.6,Beca,0,16,77.6
174,Diego Ibarra,3,8.54,7.6,Propio,12,13,78.0
175,Samuel López,2,7.17,7.1,Propio,10,13,85.0
176,Héctor Paredes,3,8.98,8.9,Padres,0,8,95.7
177,Isabella Serrano,4,9.03,8.0,Padres,0,20,83.4
178,Miguel Cedeño,3,7.12,7.0,Padres,0,5,95.5
179,Cristóbal Chávez,1,7.19,5.6,Propio,32,9,77.1
180,Joaquín Suárez,3,8.46,7.2,Padres,0,17,83.8
